{"cameraMode":{"drawMode":0,"name":"Shaded","section":"Shading Mode"},"sceneLighting":true,"audioPlay":false,"sceneViewState":{"m_AlwaysRefresh":false,"showFog":true,"showSkybox":true,"showFlares":true,"showImageEffects":true,"showParticleSystems":true,"showVisualEffectGraphs":true,"m_FxEnabled":true},"in2DMode":false,"pivot":{"x":-0.5001857280731201,"y":0.4864141643047333,"z":-0.10645869374275208},"rotation":{"x":-0.026596922427415849,"y":-0.6015883684158325,"z":0.02004316635429859,"w":-0.7981169819831848},"size":0.574638307094574,"orthographic":false}